Department,Entity,Date of Payment,Expense Type,Expense Area,Supplier,Transaction Number,Amount,Description,Supplier Post Code,Contract Number,Project Code,Expenditure Type
Department for Business & Trade,Department for Business & Trade,10/11/2025,Other Professional Services,DBT - Business Group - DBT - BG - Business Intelligence & Engagement,39 Essex Chambers LLP,736931,"37,109.87",,WC2R 3AT,,,
Department for Business & Trade,Department for Business & Trade,04/11/2025,Grant-In-Aid to Arms Length Bodies,"DBT - Competition, Markets and Regulatory Reform (CMRR) - DBT - CMRR - Employment Rights",ACAS,732567,"4,500,000.00",,E20 1HZ,,,
Department for Business & Trade,Department for Business & Trade,11/11/2025,Other ICT Costs,"DBT - Corporate Services - DBT - CS - Digital, Data and Technology",Actica Consulting Ltd,737278,"56,330.00",,GU2 7RF,,,
Department for Business & Trade,Department for Business & Trade,12/11/2025,Other ICT Costs,"DBT - Corporate Services - DBT - CS - Digital, Data and Technology",Actica Consulting Ltd,737283,"62,387.75",,GU2 7RF,,,
Department for Business & Trade,Department for Business & Trade,06/11/2025,Legal Costs,DBT - Business Group - DBT - BG - Post Office,Addleshaw Goddard LLP,736077,"152,740.50",,EC1Y 4AG,,,
Department for Business & Trade,Department for Business & Trade,19/11/2025,Legal Costs,DBT - Business Group - DBT - BG - Post Office,Addleshaw Goddard LLP,739542,"136,799.40",,EC1Y 4AG,,,
Department for Business & Trade,Department for Business & Trade,06/11/2025,Current Grants To Private Sector - NPISH,DBT - Business Group - DBT - BG - Advanced Manufacturing,ADVANCED PROPULSION CENTRE UK LTD,736146,"134,188.05",,CV4 7AL,,,
Department for Business & Trade,Department for Business & Trade,06/11/2025,R & D Current Grants to Private Sector - NPISH,DBT - Business Group - DBT - BG - Advanced Manufacturing,ADVANCED PROPULSION CENTRE UK LTD,736148,"135,854.73",,CV4 7AL,,,
Department for Business & Trade,Department for Business & Trade,06/11/2025,R & D Current Grants to Private Sector - NPISH,DBT - Business Group - DBT - BG - Advanced Manufacturing,ADVANCED PROPULSION CENTRE UK LTD,736156,"67,179.62",,CV4 7AL,,,
Department for Business & Trade,Department for Business & Trade,12/11/2025,R & D Current Grants to Private Sector - NPISH,DBT - Business Group - DBT - BG - Advanced Manufacturing,AEROSPACE TECHNOLOGY INSTITUTE,738505,"1,131,400.00",,MK43 0TR,,,
Department for Business & Trade,Department for Business & Trade,27/11/2025,Marketing and Media,DBT - Business Group - DBT - BG - Services,Agriculture and Horticulture Development Board (AHDB),743351,"80,000.00",,CV3 4PE,,,
Department for Business & Trade,Department for Business & Trade,10/11/2025,Printing,DBT - Corporate Services - DBT - CS - Commercial,Allied Publicity Services (Manchester) Ltd T/A APS Group,736822,"80,947.87",,SK3 0ZP,,,
Department for Business & Trade,Department for Business & Trade,28/11/2025,Other ICT Costs,"DBT - Corporate Services - DBT - CS - Digital, Data and Technology",Amazon Web Services EMEA SARL,728436,"217,760.62",,L-1855,,,
Department for Business & Trade,Department for Business & Trade,03/11/2025,Other Technical Professional Services,DBT - Business Group - DBT - BG - Business Intelligence & Engagement,Anexsys Ltd,734767,"66,161.16",,EC1V 9AE,,,
Department for Business & Trade,Department for Business & Trade,24/11/2025,Other Technical Professional Services,DBT - Business Group - DBT - BG - Business Intelligence & Engagement,Anexsys Ltd,741559,"64,172.95",,EC1V 9AE,,,
Department for Business & Trade,Department for Business & Trade,18/11/2025,R & D Research and Development Expenditure,DBT - Business Group - DBT - BG - Infrastructure & Technology,Answer Digital Ltd,737206,"24,780.00",,LS11 5DD,,,
Department for Business & Trade,Department for Business & Trade,10/11/2025,Utilisation of Provisions - Capital Grants to Private Sector - Companies,DBT - Business Group - DBT - BG - Post Office,Aramm Legal Ltd,736942,"36,000.00",,E6 2JG,,,
Department for Business & Trade,Department for Business & Trade,10/11/2025,Utilisation of Provisions - Capital Grants to Private Sector - Companies,DBT - Business Group - DBT - BG - Post Office,Ash Clifford Ltd,736793,"36,000.00",,TA6 3EU,,,
Department for Business & Trade,Department for Business & Trade,17/11/2025,R & D Research and Development Expenditure,DBT - Business Group - DBT - BG - Infrastructure & Technology,Belay Ltd,736089,"62,630.00",,RG19 4QU,,,
Department for Business & Trade,Department for Business & Trade,07/11/2025,Current Grants To Local Government,"DBT - Competition, Markets and Regulatory Reform (CMRR) - DBT - CMRR - Office for Product Safety and Standards",Belfast City Council,736564,"33,750.00",,BT2 8DJ,,,
Department for Business & Trade,Department for Business & Trade,03/11/2025,Other Professional Services,DBT - Business Group - DBT - BG - Business Intelligence & Engagement,Beyond Governance,735031,"54,795.61",,SG12 7LR,,,
Department for Business & Trade,Department for Business & Trade,26/11/2025,R & D Research and Development Expenditure,DBT - Strategy and Growth - DBT - SG - Analysis Group,BMG Research Ltd,740719,"120,895.50",,B3 1NQ,,,
Department for Business & Trade,Department for Business & Trade,21/11/2025,Other Professional Services,DBT - Strategy and Growth - DBT - SG - Analysis Group,Bray Leino Limited,741122,"28,451.53",,EX32 0RX,,,
Department for Business & Trade,Department for Business & Trade,21/11/2025,Corporate Event Management and Marketing,DBT - Business Group - DBT - BG - Business Intelligence & Engagement,Bray Leino Limited,741043,"234,526.88",,EX32 0RX,,,
Department for Business & Trade,Department for Business & Trade,21/11/2025,Corporate Event Management and Marketing,DBT - Business Group - DBT - BG - Business Intelligence & Engagement,Bray Leino Limited,741090,"17,225.82",,EX32 0RX,,,
Department for Business & Trade,Department for Business & Trade,21/11/2025,Other Professional Services,DBT - BBB - British Business Bank Core - DBT - BBB - Core - Services,British Business Financial Services Ltd,737769,"918,544.72",,S1 2GQ,,,
Department for Business & Trade,Department for Business & Trade,21/11/2025,Other Programme Expenditure,DBT - BBB - British Business Bank Core - DBT - BBB - Core - Services,British Business Financial Services Ltd,737772,"2,009,241.56",,S1 2GQ,,,
Department for Business & Trade,Department for Business & Trade,11/11/2025,Other Travel,DBT - Strategy and Growth - DBT - SG - Private Office Group (POG),Cabinet Office,737270,"29,583.73",,NP10 8FZ,,,
