failure_id,test_name,fixture,document_type,expected_status,actual_status,blocking_guard,reason_code,classification,evidence,required_code_change,required_test_change,safety_impact,final_disposition
F-001,tests/test_action_log.py::test_a_posted_entry_records_its_outcome_and_its_reason,unknown,UNKNOWN,VALID,NOT_VALID,period_open=None (was: +conservation INDETERMINATE +confidence<0.70),PERIOD_NEVER_CHECKED,STALE_TEST_EXPECTATION,"measured: 3 blocking reasons -> 1, and the survivor is true",none - document-type contract landed; 2 of 3 reasons removed,"fixture must supply a PeriodReader, or assert REVIEW_REQUIRED","NONE - narrows what the invoice cage CLAIMS to check; no threshold moved, no INDETERMINATE turned into PASS",OPEN - fixture predates the period check
F-002,tests/test_action_log.py::test_the_log_survives_a_restart,unknown,UNKNOWN,VALID,n/a (never reached),page asserts on a post that never happened,BLOCKED_UPSTREAM,CASCADE_OF_THE_BLOCK,AssertionError: assert 'not_valid' == 'valid',none - resolves when the primary does,none,none,OPEN - Step 1 document-type contract
F-003,tests/test_adapter_contract.py::test_a_connector_refusal_cannot_happen_after_the_application_said_valid,unknown,UNKNOWN,VALID,NOT_VALID,period_open=None (was: +conservation INDETERMINATE +confidence<0.70),PERIOD_NEVER_CHECKED,STALE_TEST_EXPECTATION,"measured: 3 blocking reasons -> 1, and the survivor is true",none - document-type contract landed; 2 of 3 reasons removed,"fixture must supply a PeriodReader, or assert REVIEW_REQUIRED","NONE - narrows what the invoice cage CLAIMS to check; no threshold moved, no INDETERMINATE turned into PASS",OPEN - fixture predates the period check
F-004,tests/test_adapter_contract.py::test_only_a_believed_backend_moves_the_trial_balance,unknown,UNKNOWN,VALID,n/a (never reached),asserts on books/pages a post would have produced,BLOCKED_UPSTREAM,CASCADE_OF_THE_BLOCK,AssertionError: assert {} == {'Purchases':...ash': -420000},none - resolves when the primary does,none,none,OPEN - Step 1 document-type contract
F-005,tests/test_adapter_contract.py::test_only_a_believed_backend_posts_and_the_other_writes_nothing[stub_backend],unknown,UNKNOWN,VALID,n/a (never reached),counts a voucher/row that a block prevented,BLOCKED_UPSTREAM,CASCADE_OF_THE_BLOCK,AssertionError: assert None is not None,none - resolves when the primary does,none,none,OPEN - Step 1 document-type contract
F-006,tests/test_adapter_contract.py::test_the_core_takes_only_the_contract_from_the_extraction_package,unknown,UNKNOWN,VALID,n/a (never reached),architecture allow-list,PRE_EXISTING,UNRELATED_PRE_EXISTING,"AssertionError: a module outside accountant/extract/ depends on something other than the contract ['ExtractedRecord', 'Extractor', 'LineItem', 'NOT_FO","separate change, unrelated to Problem 1",none,none,OUT OF SCOPE - pre-existing
F-007,tests/test_adapter_contract.py::test_two_backends_given_the_same_facts_either_post_or_ask_who_it_was[stub_backend],unknown,UNKNOWN,VALID,NOT_VALID,period_open=None (was: +conservation INDETERMINATE +confidence<0.70),PERIOD_NEVER_CHECKED,STALE_TEST_EXPECTATION,"measured: 3 blocking reasons -> 1, and the survivor is true",none - document-type contract landed; 2 of 3 reasons removed,"fixture must supply a PeriodReader, or assert REVIEW_REQUIRED","NONE - narrows what the invoice cage CLAIMS to check; no threshold moved, no INDETERMINATE turned into PASS",OPEN - fixture predates the period check
F-008,tests/test_adversarial_amounts_and_states.py::test_a_bootstrap_that_failed_part_way_through_posts_nothing,unknown,UNKNOWN,VALID,NOT_VALID,period_open=None (was: +conservation INDETERMINATE +confidence<0.70),PERIOD_NEVER_CHECKED,STALE_TEST_EXPECTATION,"measured: 3 blocking reasons -> 1, and the survivor is true",none - document-type contract landed; 2 of 3 reasons removed,"fixture must supply a PeriodReader, or assert REVIEW_REQUIRED","NONE - narrows what the invoice cage CLAIMS to check; no threshold moved, no INDETERMINATE turned into PASS",OPEN - fixture predates the period check
F-009,tests/test_adversarial_amounts_and_states.py::test_a_disconnected_app_refuses_to_post_and_says_which_refusal_it_is,unknown,UNKNOWN,VALID,n/a (never reached),counts a voucher/row that a block prevented,BLOCKED_UPSTREAM,CASCADE_OF_THE_BLOCK,assert 0 == 1,none - resolves when the primary does,none,none,OPEN - Step 1 document-type contract
F-010,tests/test_adversarial_amounts_and_states.py::test_a_failed_read_back_is_never_recorded_as_a_posted_entry,unknown,UNKNOWN,VALID,n/a (never reached),page asserts on a post that never happened,BLOCKED_UPSTREAM,CASCADE_OF_THE_BLOCK,AssertionError: the Valid gate is not what stops this,none - resolves when the primary does,none,none,OPEN - Step 1 document-type contract
F-011,tests/test_adversarial_amounts_and_states.py::test_a_sub_paise_amount_is_truncated_by_the_reader_and_refused_by_the_wire,unknown,UNKNOWN,VALID,NOT_VALID,period_open=None (was: +conservation INDETERMINATE +confidence<0.70),PERIOD_NEVER_CHECKED,STALE_TEST_EXPECTATION,"measured: 3 blocking reasons -> 1, and the survivor is true",none - document-type contract landed; 2 of 3 reasons removed,"fixture must supply a PeriodReader, or assert REVIEW_REQUIRED","NONE - narrows what the invoice cage CLAIMS to check; no threshold moved, no INDETERMINATE turned into PASS",OPEN - fixture predates the period check
F-012,tests/test_adversarial_amounts_and_states.py::test_an_empty_source_company_may_be_asked_but_proposes_and_writes_nothing,unknown,UNKNOWN,VALID,NOT_VALID,period_open=None (was: +conservation INDETERMINATE +confidence<0.70),PERIOD_NEVER_CHECKED,STALE_TEST_EXPECTATION,"measured: 3 blocking reasons -> 1, and the survivor is true",none - document-type contract landed; 2 of 3 reasons removed,"fixture must supply a PeriodReader, or assert REVIEW_REQUIRED","NONE - narrows what the invoice cage CLAIMS to check; no threshold moved, no INDETERMINATE turned into PASS",OPEN - fixture predates the period check
F-013,tests/test_adversarial_identity.py::test_a_cyrillic_homoglyph_vendor_never_inherits_the_latin_vendors_account,unknown,UNKNOWN,VALID,NOT_VALID,period_open=None (was: +conservation INDETERMINATE +confidence<0.70),PERIOD_NEVER_CHECKED,STALE_TEST_EXPECTATION,"measured: 3 blocking reasons -> 1, and the survivor is true",none - document-type contract landed; 2 of 3 reasons removed,"fixture must supply a PeriodReader, or assert REVIEW_REQUIRED","NONE - narrows what the invoice cage CLAIMS to check; no threshold moved, no INDETERMINATE turned into PASS",OPEN - fixture predates the period check
F-014,tests/test_adversarial_identity.py::test_an_accented_vendor_name_decides_one_way_in_nfc_and_nfd,unknown,UNKNOWN,VALID,NOT_VALID,period_open=None (was: +conservation INDETERMINATE +confidence<0.70),PERIOD_NEVER_CHECKED,STALE_TEST_EXPECTATION,"measured: 3 blocking reasons -> 1, and the survivor is true",none - document-type contract landed; 2 of 3 reasons removed,"fixture must supply a PeriodReader, or assert REVIEW_REQUIRED","NONE - narrows what the invoice cage CLAIMS to check; no threshold moved, no INDETERMINATE turned into PASS",OPEN - fixture predates the period check
F-015,tests/test_adversarial_identity.py::test_an_llp_invoice_is_never_posted_to_the_limited_companys_account,unknown,UNKNOWN,VALID,NOT_VALID,period_open=None (was: +conservation INDETERMINATE +confidence<0.70),PERIOD_NEVER_CHECKED,STALE_TEST_EXPECTATION,"measured: 3 blocking reasons -> 1, and the survivor is true",none - document-type contract landed; 2 of 3 reasons removed,"fixture must supply a PeriodReader, or assert REVIEW_REQUIRED","NONE - narrows what the invoice cage CLAIMS to check; no threshold moved, no INDETERMINATE turned into PASS",OPEN - fixture predates the period check
F-016,tests/test_adversarial_identity.py::test_memory_belonging_to_another_company_is_refused_and_writes_nothing,unknown,UNKNOWN,VALID,NOT_VALID,period_open=None (was: +conservation INDETERMINATE +confidence<0.70),PERIOD_NEVER_CHECKED,STALE_TEST_EXPECTATION,"measured: 3 blocking reasons -> 1, and the survivor is true",none - document-type contract landed; 2 of 3 reasons removed,"fixture must supply a PeriodReader, or assert REVIEW_REQUIRED","NONE - narrows what the invoice cage CLAIMS to check; no threshold moved, no INDETERMINATE turned into PASS",OPEN - fixture predates the period check
F-017,tests/test_adversarial_identity.py::test_posting_sharma_trader_never_returns_sharma_traders_account,unknown,UNKNOWN,VALID,NOT_VALID,period_open=None (was: +conservation INDETERMINATE +confidence<0.70),PERIOD_NEVER_CHECKED,STALE_TEST_EXPECTATION,"measured: 3 blocking reasons -> 1, and the survivor is true",none - document-type contract landed; 2 of 3 reasons removed,"fixture must supply a PeriodReader, or assert REVIEW_REQUIRED","NONE - narrows what the invoice cage CLAIMS to check; no threshold moved, no INDETERMINATE turned into PASS",OPEN - fixture predates the period check
F-018,tests/test_adversarial_identity.py::test_rebuilding_from_the_new_history_replaces_the_old_index_and_never_merges,unknown,UNKNOWN,VALID,NOT_VALID,period_open=None (was: +conservation INDETERMINATE +confidence<0.70),PERIOD_NEVER_CHECKED,STALE_TEST_EXPECTATION,"measured: 3 blocking reasons -> 1, and the survivor is true",none - document-type contract landed; 2 of 3 reasons removed,"fixture must supply a PeriodReader, or assert REVIEW_REQUIRED","NONE - narrows what the invoice cage CLAIMS to check; no threshold moved, no INDETERMINATE turned into PASS",OPEN - fixture predates the period check
F-019,tests/test_adversarial_identity.py::test_whitespace_visible_or_invisible_never_changes_which_vendor_this_is,unknown,UNKNOWN,VALID,NOT_VALID,period_open=None (was: +conservation INDETERMINATE +confidence<0.70),PERIOD_NEVER_CHECKED,STALE_TEST_EXPECTATION,"measured: 3 blocking reasons -> 1, and the survivor is true",none - document-type contract landed; 2 of 3 reasons removed,"fixture must supply a PeriodReader, or assert REVIEW_REQUIRED","NONE - narrows what the invoice cage CLAIMS to check; no threshold moved, no INDETERMINATE turned into PASS",OPEN - fixture predates the period check
F-020,tests/test_adversarial_write_path.py::test_a_post_is_not_a_success_until_tallys_own_register_shows_the_voucher,unknown,UNKNOWN,VALID,n/a (never reached),"nothing posts, so no write happens",BLOCKED_UPSTREAM,CASCADE_OF_THE_BLOCK,AssertionError: the fixture must reach the write path,none - resolves when the primary does,none,none,OPEN - Step 1 document-type contract
F-021,tests/test_adversarial_write_path.py::test_a_read_back_must_match_the_voucher_we_sent_and_not_merely_our_marker,unknown,UNKNOWN,VALID,n/a (never reached),"nothing posts, so no write happens",BLOCKED_UPSTREAM,CASCADE_OF_THE_BLOCK,AssertionError: the fixture must reach the write path,none - resolves when the primary does,none,none,OPEN - Step 1 document-type contract
F-022,tests/test_adversarial_write_path.py::test_a_read_back_of_zero_vouchers_blocks_the_post_and_writes_no_posted_row,unknown,UNKNOWN,VALID,n/a (never reached),error path needs a post first,BLOCKED_UPSTREAM,CASCADE_OF_THE_BLOCK,Failed: DID NOT RAISE RuntimeError,none - resolves when the primary does,none,none,OPEN - Step 1 document-type contract
F-023,tests/test_adversarial_write_path.py::test_a_read_back_with_our_marker_but_not_our_numbers_is_refused,unknown,UNKNOWN,VALID,n/a (never reached),"nothing posts, so no write happens",BLOCKED_UPSTREAM,CASCADE_OF_THE_BLOCK,AssertionError: the fixture must reach the write path,none - resolves when the primary does,none,none,OPEN - Step 1 document-type contract
F-024,tests/test_adversarial_write_path.py::test_a_write_absent_from_tallys_own_register_is_refused,unknown,UNKNOWN,VALID,n/a (never reached),"nothing posts, so no write happens",BLOCKED_UPSTREAM,CASCADE_OF_THE_BLOCK,AssertionError: the fixture must reach the write path,none - resolves when the primary does,none,none,OPEN - Step 1 document-type contract
F-025,tests/test_adversarial_write_path.py::test_a_write_whose_outcome_is_unknown_leaves_two_rows_naming_the_operation,unknown,UNKNOWN,VALID,n/a (never reached),"backend-outage test, unrelated to the cage",PRE_EXISTING,UNRELATED_PRE_EXISTING,Failed: DID NOT RAISE ConnectionError,"separate change, unrelated to Problem 1",none,none,OUT OF SCOPE - pre-existing
F-026,tests/test_adversarial_write_path.py::test_an_unknown_write_outcome_still_records_its_operation_id,unknown,UNKNOWN,VALID,n/a (never reached),"backend-outage test, unrelated to the cage",PRE_EXISTING,UNRELATED_PRE_EXISTING,Failed: DID NOT RAISE ConnectionError,"separate change, unrelated to Problem 1",none,none,OUT OF SCOPE - pre-existing
F-027,tests/test_adversarial_write_path.py::test_the_page_and_the_action_log_can_no_longer_disagree_about_the_backend,unknown,UNKNOWN,VALID,NOT_VALID,period_open=None (was: +conservation INDETERMINATE +confidence<0.70),PERIOD_NEVER_CHECKED,STALE_TEST_EXPECTATION,"measured: 3 blocking reasons -> 1, and the survivor is true",none - document-type contract landed; 2 of 3 reasons removed,"fixture must supply a PeriodReader, or assert REVIEW_REQUIRED","NONE - narrows what the invoice cage CLAIMS to check; no threshold moved, no INDETERMINATE turned into PASS",OPEN - fixture predates the period check
F-028,tests/test_adversarial_write_path.py::test_the_recorded_identifier_is_the_one_tally_returned_not_our_own,unknown,UNKNOWN,VALID,n/a (never reached),"nothing posts, so no write happens",BLOCKED_UPSTREAM,CASCADE_OF_THE_BLOCK,AssertionError: the fixture must reach the write path,none - resolves when the primary does,none,none,OPEN - Step 1 document-type contract
F-029,tests/test_adversarial_write_path.py::test_the_same_operation_posted_twice_leaves_exactly_one_voucher,unknown,UNKNOWN,VALID,n/a (never reached),"nothing posts, so no write happens",BLOCKED_UPSTREAM,CASCADE_OF_THE_BLOCK,AssertionError: the fixture must reach the write path,none - resolves when the primary does,none,none,OPEN - Step 1 document-type contract
F-030,tests/test_adversarial_write_path.py::test_the_same_run_call_records_a_row_when_nothing_goes_wrong,unknown,UNKNOWN,VALID,NOT_VALID,period_open=None (was: +conservation INDETERMINATE +confidence<0.70),PERIOD_NEVER_CHECKED,STALE_TEST_EXPECTATION,"measured: 3 blocking reasons -> 1, and the survivor is true",none - document-type contract landed; 2 of 3 reasons removed,"fixture must supply a PeriodReader, or assert REVIEW_REQUIRED","NONE - narrows what the invoice cage CLAIMS to check; no threshold moved, no INDETERMINATE turned into PASS",OPEN - fixture predates the period check
F-031,tests/test_answer_binding.py::test_a_replay_of_the_answer_that_posted_is_still_the_duplicate_refusal,unknown,UNKNOWN,VALID,n/a (never reached),counts a voucher/row that a block prevented,BLOCKED_UPSTREAM,CASCADE_OF_THE_BLOCK,assert 0 == 1,none - resolves when the primary does,none,none,OPEN - Step 1 document-type contract
F-032,tests/test_bulk_reversal_web.py::test_a_hand_typed_voucher_is_never_a_candidate,web fixture,NON_INVOICE_EXPENSE_NOTE,VALID,n/a (never reached),needs a posted entry that never exists,BLOCKED_UPSTREAM,CASCADE_OF_THE_BLOCK,AssertionError: entry did not post:,none - resolves when the primary does,none,none,OPEN - Step 1 document-type contract
F-033,tests/test_bulk_reversal_web.py::test_a_latecomer_posted_after_the_preview_is_not_swept_up,web fixture,NON_INVOICE_EXPENSE_NOTE,VALID,n/a (never reached),needs a posted entry that never exists,BLOCKED_UPSTREAM,CASCADE_OF_THE_BLOCK,AssertionError: entry did not post:,none - resolves when the primary does,none,none,OPEN - Step 1 document-type contract
F-034,tests/test_bulk_reversal_web.py::test_a_partial_result_says_so_on_the_page_and_never_says_done,web fixture,NON_INVOICE_EXPENSE_NOTE,VALID,n/a (never reached),needs a posted entry that never exists,BLOCKED_UPSTREAM,CASCADE_OF_THE_BLOCK,AssertionError: entry did not post:,none - resolves when the primary does,none,none,OPEN - Step 1 document-type contract
F-035,tests/test_bulk_reversal_web.py::test_confirming_records_a_durable_row_for_every_voucher,web fixture,NON_INVOICE_EXPENSE_NOTE,VALID,n/a (never reached),needs a posted entry that never exists,BLOCKED_UPSTREAM,CASCADE_OF_THE_BLOCK,AssertionError: entry did not post:,none - resolves when the primary does,none,none,OPEN - Step 1 document-type contract
F-036,tests/test_bulk_reversal_web.py::test_confirming_reverses_everything_and_leaves_the_history_alone,web fixture,NON_INVOICE_EXPENSE_NOTE,VALID,n/a (never reached),needs a posted entry that never exists,BLOCKED_UPSTREAM,CASCADE_OF_THE_BLOCK,AssertionError: entry did not post:,none - resolves when the primary does,none,none,OPEN - Step 1 document-type contract
F-037,tests/test_bulk_reversal_web.py::test_the_home_page_offers_bulk_reverse_once_something_is_posted,web fixture,NON_INVOICE_EXPENSE_NOTE,VALID,n/a (never reached),needs a posted entry that never exists,BLOCKED_UPSTREAM,CASCADE_OF_THE_BLOCK,AssertionError: entry did not post:,none - resolves when the primary does,none,none,OPEN - Step 1 document-type contract
F-038,tests/test_bulk_reversal_web.py::test_the_preview_names_every_candidate_and_touches_the_books,web fixture,NON_INVOICE_EXPENSE_NOTE,VALID,n/a (never reached),needs a posted entry that never exists,BLOCKED_UPSTREAM,CASCADE_OF_THE_BLOCK,AssertionError: entry did not post:,none - resolves when the primary does,none,none,OPEN - Step 1 document-type contract
F-039,tests/test_bulk_reversal_web.py::test_the_preview_page_asks_rather_than_telling,web fixture,NON_INVOICE_EXPENSE_NOTE,VALID,n/a (never reached),needs a posted entry that never exists,BLOCKED_UPSTREAM,CASCADE_OF_THE_BLOCK,AssertionError: entry did not post:,none - resolves when the primary does,none,none,OPEN - Step 1 document-type contract
F-040,tests/test_bulk_reversal_web.py::test_the_untried_vouchers_are_still_in_the_books_after_a_partial_run,web fixture,NON_INVOICE_EXPENSE_NOTE,VALID,n/a (never reached),needs a posted entry that never exists,BLOCKED_UPSTREAM,CASCADE_OF_THE_BLOCK,AssertionError: entry did not post:,none - resolves when the primary does,none,none,OPEN - Step 1 document-type contract
F-041,tests/test_company_identity.py::test_a_non_default_company_can_be_used_end_to_end,unknown,UNKNOWN,VALID,n/a (never reached),asserts on books/pages a post would have produced,BLOCKED_UPSTREAM,CASCADE_OF_THE_BLOCK,AssertionError: the voucher landed in OUR company's books,none - resolves when the primary does,none,none,OPEN - Step 1 document-type contract
F-042,tests/test_company_identity.py::test_a_question_and_its_answer_stay_in_the_configured_company,unknown,UNKNOWN,VALID,n/a (never reached),counts a voucher/row that a block prevented,BLOCKED_UPSTREAM,CASCADE_OF_THE_BLOCK,assert 0 == 1,none - resolves when the primary does,none,none,OPEN - Step 1 document-type contract
F-043,tests/test_company_identity.py::test_a_request_cannot_name_a_company_of_its_own,unknown,UNKNOWN,VALID,n/a (never reached),asserts on books/pages a post would have produced,BLOCKED_UPSTREAM,CASCADE_OF_THE_BLOCK,AssertionError: it went to ours instead,none - resolves when the primary does,none,none,OPEN - Step 1 document-type contract
F-044,tests/test_company_identity.py::test_bulk_reversal_previews_the_configured_company,reversal fixture,NON_INVOICE_EXPENSE_NOTE,VALID,n/a (never reached),counts a voucher/row that a block prevented,BLOCKED_UPSTREAM,CASCADE_OF_THE_BLOCK,AssertionError: assert 0 == 1,none - resolves when the primary does,none,none,OPEN - Step 1 document-type contract
F-045,tests/test_company_identity.py::test_reversal_undoes_the_entry_in_the_configured_company,reversal fixture,NON_INVOICE_EXPENSE_NOTE,VALID,n/a (never reached),page asserts on a post that never happened,BLOCKED_UPSTREAM,CASCADE_OF_THE_BLOCK,"AssertionError: nothing posted, so nothing to undo:",none - resolves when the primary does,none,none,OPEN - Step 1 document-type contract
F-046,tests/test_company_routes.py::test_a_bulk_reversal_previewed_for_another_company_never_reverses_it,reversal fixture,NON_INVOICE_EXPENSE_NOTE,VALID,n/a (never reached),page asserts on a post that never happened,BLOCKED_UPSTREAM,CASCADE_OF_THE_BLOCK,AssertionError: nothing posted to undo,none - resolves when the primary does,none,none,OPEN - Step 1 document-type contract
F-047,tests/test_company_routes.py::test_the_bulk_reversal_preview_lists_only_our_own_vouchers,reversal fixture,NON_INVOICE_EXPENSE_NOTE,VALID,n/a (never reached),asserts on books/pages a post would have produced,BLOCKED_UPSTREAM,CASCADE_OF_THE_BLOCK,AssertionError: unexpected preview:,none - resolves when the primary does,none,none,OPEN - Step 1 document-type contract
F-048,tests/test_company_unicode.py::test_an_nfd_company_name_can_be_worked_in_end_to_end_over_http,unknown,UNKNOWN,VALID,n/a (never reached),counts a voucher/row that a block prevented,BLOCKED_UPSTREAM,CASCADE_OF_THE_BLOCK,assert 0 == 1,none - resolves when the primary does,none,none,OPEN - Step 1 document-type contract
F-049,tests/test_dismissal_durability.py::test_a_matched_vendor_posts_without_ever_offering_a_flag,unknown,UNKNOWN,VALID,NOT_VALID,period_open=None (was: +conservation INDETERMINATE +confidence<0.70),PERIOD_NEVER_CHECKED,STALE_TEST_EXPECTATION,"measured: 3 blocking reasons -> 1, and the survivor is true",none - document-type contract landed; 2 of 3 reasons removed,"fixture must supply a PeriodReader, or assert REVIEW_REQUIRED","NONE - narrows what the invoice cage CLAIMS to check; no threshold moved, no INDETERMINATE turned into PASS",OPEN - fixture predates the period check
F-050,tests/test_error_responses.py::test_a_bulk_reversal_that_meets_a_refusal_never_reports_completed,reversal fixture,NON_INVOICE_EXPENSE_NOTE,VALID,n/a (never reached),"nothing posts, so no write happens",BLOCKED_UPSTREAM,CASCADE_OF_THE_BLOCK,AssertionError: the fixture must reach the write path,none - resolves when the primary does,none,none,OPEN - Step 1 document-type contract
F-051,tests/test_error_responses.py::test_a_bulk_reversal_whose_answer_is_unreadable_reports_unknown_not_failed,reversal fixture,NON_INVOICE_EXPENSE_NOTE,VALID,n/a (never reached),"nothing posts, so no write happens",BLOCKED_UPSTREAM,CASCADE_OF_THE_BLOCK,AssertionError: the fixture must reach the write path,none - resolves when the primary does,none,none,OPEN - Step 1 document-type contract
F-052,tests/test_error_responses.py::test_a_refused_write_is_never_retried_by_the_pipeline_on_its_own,typed expense sentence,NON_INVOICE_EXPENSE_NOTE,VALID,n/a (never reached),"nothing posts, so no write happens",BLOCKED_UPSTREAM,CASCADE_OF_THE_BLOCK,AssertionError: the fixture must reach the write path,none - resolves when the primary does,none,none,OPEN - Step 1 document-type contract
F-053,tests/test_error_responses.py::test_a_refused_write_leaves_the_diagnosis_in_the_durable_log,unknown,UNKNOWN,VALID,n/a (never reached),page asserts on a post that never happened,BLOCKED_UPSTREAM,CASCADE_OF_THE_BLOCK,"assert 'data-action=""failed""' in '<section id=log><div class=ev data-outcome=""not_valid"" data-action=""blocked""><b>not_valid</b> <span class=muted>15 A",none - resolves when the primary does,none,none,OPEN - Step 1 document-type contract
F-054,tests/test_error_responses.py::test_a_refused_write_satisfies_all_five_properties[explicit_rejection],unknown,UNKNOWN,VALID,n/a (never reached),"nothing posts, so no write happens",BLOCKED_UPSTREAM,CASCADE_OF_THE_BLOCK,AssertionError: the fixture must reach the write path,none - resolves when the primary does,none,none,OPEN - Step 1 document-type contract
F-055,tests/test_error_responses.py::test_a_refused_write_satisfies_all_five_properties[unknown_outcome],unknown,UNKNOWN,VALID,n/a (never reached),"nothing posts, so no write happens",BLOCKED_UPSTREAM,CASCADE_OF_THE_BLOCK,AssertionError: the fixture must reach the write path,none - resolves when the primary does,none,none,OPEN - Step 1 document-type contract
F-056,tests/test_error_responses.py::test_a_write_tally_refuses_is_answered_with_a_page_and_not_a_dropped_socket,unknown,UNKNOWN,VALID,n/a (never reached),error path needs a post first,BLOCKED_UPSTREAM,CASCADE_OF_THE_BLOCK,assert 200 == 503,none - resolves when the primary does,none,none,OPEN - Step 1 document-type contract
F-057,tests/test_extract_outage.py::test_after_any_outage_the_person_can_type_the_entry_and_it_posts[authentication failure],unknown,UNKNOWN,VALID,NOT_VALID,period_open=None (was: +conservation INDETERMINATE +confidence<0.70),PERIOD_NEVER_CHECKED,STALE_TEST_EXPECTATION,"measured: 3 blocking reasons -> 1, and the survivor is true",none - document-type contract landed; 2 of 3 reasons removed,"fixture must supply a PeriodReader, or assert REVIEW_REQUIRED","NONE - narrows what the invoice cage CLAIMS to check; no threshold moved, no INDETERMINATE turned into PASS",OPEN - fixture predates the period check
F-058,tests/test_extract_outage.py::test_after_any_outage_the_person_can_type_the_entry_and_it_posts[connection refused],unknown,UNKNOWN,VALID,NOT_VALID,period_open=None (was: +conservation INDETERMINATE +confidence<0.70),PERIOD_NEVER_CHECKED,STALE_TEST_EXPECTATION,"measured: 3 blocking reasons -> 1, and the survivor is true",none - document-type contract landed; 2 of 3 reasons removed,"fixture must supply a PeriodReader, or assert REVIEW_REQUIRED","NONE - narrows what the invoice cage CLAIMS to check; no threshold moved, no INDETERMINATE turned into PASS",OPEN - fixture predates the period check
F-059,tests/test_extract_outage.py::test_after_any_outage_the_person_can_type_the_entry_and_it_posts[empty response],unknown,UNKNOWN,VALID,NOT_VALID,period_open=None (was: +conservation INDETERMINATE +confidence<0.70),PERIOD_NEVER_CHECKED,STALE_TEST_EXPECTATION,"measured: 3 blocking reasons -> 1, and the survivor is true",none - document-type contract landed; 2 of 3 reasons removed,"fixture must supply a PeriodReader, or assert REVIEW_REQUIRED","NONE - narrows what the invoice cage CLAIMS to check; no threshold moved, no INDETERMINATE turned into PASS",OPEN - fixture predates the period check
F-060,tests/test_extract_outage.py::test_after_any_outage_the_person_can_type_the_entry_and_it_posts[malformed response],unknown,UNKNOWN,VALID,NOT_VALID,period_open=None (was: +conservation INDETERMINATE +confidence<0.70),PERIOD_NEVER_CHECKED,STALE_TEST_EXPECTATION,"measured: 3 blocking reasons -> 1, and the survivor is true",none - document-type contract landed; 2 of 3 reasons removed,"fixture must supply a PeriodReader, or assert REVIEW_REQUIRED","NONE - narrows what the invoice cage CLAIMS to check; no threshold moved, no INDETERMINATE turned into PASS",OPEN - fixture predates the period check
F-061,tests/test_extract_outage.py::test_after_any_outage_the_person_can_type_the_entry_and_it_posts[partial response],unknown,UNKNOWN,VALID,NOT_VALID,period_open=None (was: +conservation INDETERMINATE +confidence<0.70),PERIOD_NEVER_CHECKED,STALE_TEST_EXPECTATION,"measured: 3 blocking reasons -> 1, and the survivor is true",none - document-type contract landed; 2 of 3 reasons removed,"fixture must supply a PeriodReader, or assert REVIEW_REQUIRED","NONE - narrows what the invoice cage CLAIMS to check; no threshold moved, no INDETERMINATE turned into PASS",OPEN - fixture predates the period check
F-062,tests/test_extract_outage.py::test_after_any_outage_the_person_can_type_the_entry_and_it_posts[rate limit],unknown,UNKNOWN,VALID,NOT_VALID,period_open=None (was: +conservation INDETERMINATE +confidence<0.70),PERIOD_NEVER_CHECKED,STALE_TEST_EXPECTATION,"measured: 3 blocking reasons -> 1, and the survivor is true",none - document-type contract landed; 2 of 3 reasons removed,"fixture must supply a PeriodReader, or assert REVIEW_REQUIRED","NONE - narrows what the invoice cage CLAIMS to check; no threshold moved, no INDETERMINATE turned into PASS",OPEN - fixture predates the period check
F-063,tests/test_extract_outage.py::test_after_any_outage_the_person_can_type_the_entry_and_it_posts[response for a different document],unknown,UNKNOWN,VALID,NOT_VALID,period_open=None (was: +conservation INDETERMINATE +confidence<0.70),PERIOD_NEVER_CHECKED,STALE_TEST_EXPECTATION,"measured: 3 blocking reasons -> 1, and the survivor is true",none - document-type contract landed; 2 of 3 reasons removed,"fixture must supply a PeriodReader, or assert REVIEW_REQUIRED","NONE - narrows what the invoice cage CLAIMS to check; no threshold moved, no INDETERMINATE turned into PASS",OPEN - fixture predates the period check
F-064,tests/test_extract_outage.py::test_after_any_outage_the_person_can_type_the_entry_and_it_posts[response missing the named fields],unknown,UNKNOWN,VALID,NOT_VALID,period_open=None (was: +conservation INDETERMINATE +confidence<0.70),PERIOD_NEVER_CHECKED,STALE_TEST_EXPECTATION,"measured: 3 blocking reasons -> 1, and the survivor is true",none - document-type contract landed; 2 of 3 reasons removed,"fixture must supply a PeriodReader, or assert REVIEW_REQUIRED","NONE - narrows what the invoice cage CLAIMS to check; no threshold moved, no INDETERMINATE turned into PASS",OPEN - fixture predates the period check
F-065,tests/test_extract_outage.py::test_after_any_outage_the_person_can_type_the_entry_and_it_posts[timeout],unknown,UNKNOWN,VALID,NOT_VALID,period_open=None (was: +conservation INDETERMINATE +confidence<0.70),PERIOD_NEVER_CHECKED,STALE_TEST_EXPECTATION,"measured: 3 blocking reasons -> 1, and the survivor is true",none - document-type contract landed; 2 of 3 reasons removed,"fixture must supply a PeriodReader, or assert REVIEW_REQUIRED","NONE - narrows what the invoice cage CLAIMS to check; no threshold moved, no INDETERMINATE turned into PASS",OPEN - fixture predates the period check
F-066,tests/test_extract_outage.py::test_after_any_outage_the_person_can_type_the_entry_and_it_posts[unavailable],unknown,UNKNOWN,VALID,NOT_VALID,period_open=None (was: +conservation INDETERMINATE +confidence<0.70),PERIOD_NEVER_CHECKED,STALE_TEST_EXPECTATION,"measured: 3 blocking reasons -> 1, and the survivor is true",none - document-type contract landed; 2 of 3 reasons removed,"fixture must supply a PeriodReader, or assert REVIEW_REQUIRED","NONE - narrows what the invoice cage CLAIMS to check; no threshold moved, no INDETERMINATE turned into PASS",OPEN - fixture predates the period check
F-067,tests/test_extract_outage.py::test_the_app_still_chooses_its_own_backend_when_none_is_injected,unknown,UNKNOWN,VALID,n/a (never reached),error path needs a post first,BLOCKED_UPSTREAM,CASCADE_OF_THE_BLOCK,AssertionError: a known vendor typed in plainly should still post straight through,none - resolves when the primary does,none,none,OPEN - Step 1 document-type contract
F-068,tests/test_first_detector.py::test_the_existing_review_behaviour_is_unchanged,unknown,UNKNOWN,VALID,n/a (never reached),asserts on books/pages a post would have produced,BLOCKED_UPSTREAM,CASCADE_OF_THE_BLOCK,"assert 'Written to Tally as' in '<!doctype html><meta charset=utf-8>\n<meta name=viewport content=""width=device-width,initial-scale=1"">\n<title>Accoun",none - resolves when the primary does,none,none,OPEN - Step 1 document-type contract
F-069,tests/test_funding_leg.py::test_a_vendor_always_paid_in_cash_has_its_funding_leg_read_not_guessed,unknown,UNKNOWN,VALID,n/a (never reached),asserts on books/pages a post would have produced,BLOCKED_UPSTREAM,CASCADE_OF_THE_BLOCK,"AssertionError: nothing is unclear, so nothing is asked",none - resolves when the primary does,none,none,OPEN - Step 1 document-type contract
F-070,tests/test_funding_leg.py::test_purpose_is_asked_before_funding_and_each_answer_lands_on_its_own_leg,unknown,UNKNOWN,VALID,NOT_VALID,period_open=None (was: +conservation INDETERMINATE +confidence<0.70),PERIOD_NEVER_CHECKED,STALE_TEST_EXPECTATION,"measured: 3 blocking reasons -> 1, and the survivor is true",none - document-type contract landed; 2 of 3 reasons removed,"fixture must supply a PeriodReader, or assert REVIEW_REQUIRED","NONE - narrows what the invoice cage CLAIMS to check; no threshold moved, no INDETERMINATE turned into PASS",OPEN - fixture predates the period check
F-071,tests/test_funding_leg.py::test_the_funding_leg_is_not_cash_merely_because_cash_is_a_common_account,unknown,UNKNOWN,VALID,NOT_VALID,period_open=None (was: +conservation INDETERMINATE +confidence<0.70),PERIOD_NEVER_CHECKED,STALE_TEST_EXPECTATION,"measured: 3 blocking reasons -> 1, and the survivor is true",none - document-type contract landed; 2 of 3 reasons removed,"fixture must supply a PeriodReader, or assert REVIEW_REQUIRED","NONE - narrows what the invoice cage CLAIMS to check; no threshold moved, no INDETERMINATE turned into PASS",OPEN - fixture predates the period check
F-072,tests/test_gst_ground_truth_runner.py::test_a_refusal_that_states_a_reason_is_still_a_refusal,unknown,UNKNOWN,VALID,n/a (never reached),ground-truth harness counts moved because dates now read,STALE_FIXTURE,STALE_EXPECTATION_FROM_THIS_WORK,"AssertionError: assert {'date': 14, ...ax_paise': 20} == {'date': 14, ...ax_paise': 20}",none - regenerate artifacts/ground_truth/results.json,regenerate the recorded file,none,OPEN - regenerate the recorded harness output
F-073,tests/test_gst_ground_truth_runner.py::test_the_extraction_section_scores_exit_one_and_exit_two_separately,unknown,UNKNOWN,VALID,n/a (never reached),ground-truth harness counts moved because dates now read,STALE_FIXTURE,STALE_EXPECTATION_FROM_THIS_WORK,"AssertionError: assert {'date': 0, '...tax_paise': 0} == {'date': 0, '...tax_paise': 0}",none - regenerate artifacts/ground_truth/results.json,regenerate the recorded file,none,OPEN - regenerate the recorded harness output
F-074,tests/test_gst_safety_sweep.py::test_a_bill_with_no_tax_on_it_still_reaches_valid_and_posts[c_bricks],unknown,UNKNOWN,VALID,n/a (never reached),page asserts on a post that never happened,BLOCKED_UPSTREAM,CASCADE_OF_THE_BLOCK,AssertionError: c_bricks did not reach VALID: There is something on this bill I could not check at all. Not checked is not the same as checked and fin,none - resolves when the primary does,none,none,OPEN - Step 1 document-type contract
F-075,tests/test_gst_safety_sweep.py::test_a_bill_with_no_tax_on_it_still_reaches_valid_and_posts[c_cement],unknown,UNKNOWN,VALID,n/a (never reached),page asserts on a post that never happened,BLOCKED_UPSTREAM,CASCADE_OF_THE_BLOCK,AssertionError: c_cement did not reach VALID: There is something on this bill I could not check at all. Not checked is not the same as checked and fin,none - resolves when the primary does,none,none,OPEN - Step 1 document-type contract
F-076,tests/test_gst_safety_sweep.py::test_a_bill_with_no_tax_on_it_still_reaches_valid_and_posts[c_sand],unknown,UNKNOWN,VALID,n/a (never reached),page asserts on a post that never happened,BLOCKED_UPSTREAM,CASCADE_OF_THE_BLOCK,"AssertionError: c_sand did not reach VALID: There is something on this bill I could not check at all. Not checked is not the same as checked and fine,",none - resolves when the primary does,none,none,OPEN - Step 1 document-type contract
F-077,tests/test_gst_safety_sweep.py::test_a_bill_with_no_tax_on_it_still_reaches_valid_and_posts[c_steel],unknown,UNKNOWN,VALID,n/a (never reached),page asserts on a post that never happened,BLOCKED_UPSTREAM,CASCADE_OF_THE_BLOCK,AssertionError: c_steel did not reach VALID: There is something on this bill I could not check at all. Not checked is not the same as checked and fine,none - resolves when the primary does,none,none,OPEN - Step 1 document-type contract
F-078,tests/test_gst_safety_sweep.py::test_a_bill_with_no_tax_on_it_still_reaches_valid_and_posts[c_stub_high],unknown,UNKNOWN,VALID,n/a (never reached),page asserts on a post that never happened,BLOCKED_UPSTREAM,CASCADE_OF_THE_BLOCK,AssertionError: c_stub_high did not reach VALID: There is something on this bill I could not check at all. Not checked is not the same as checked and ,none - resolves when the primary does,none,none,OPEN - Step 1 document-type contract
F-079,tests/test_gst_safety_sweep.py::test_a_bill_with_no_tax_on_it_still_reaches_valid_and_posts[c_stub_mid],unknown,UNKNOWN,VALID,n/a (never reached),page asserts on a post that never happened,BLOCKED_UPSTREAM,CASCADE_OF_THE_BLOCK,AssertionError: c_stub_mid did not reach VALID: There is something on this bill I could not check at all. Not checked is not the same as checked and f,none - resolves when the primary does,none,none,OPEN - Step 1 document-type contract
F-080,tests/test_gst_safety_sweep.py::test_a_bill_with_no_tax_on_it_still_reaches_valid_and_posts[c_stub_par],unknown,UNKNOWN,VALID,n/a (never reached),page asserts on a post that never happened,BLOCKED_UPSTREAM,CASCADE_OF_THE_BLOCK,AssertionError: c_stub_par did not reach VALID: There is something on this bill I could not check at all. Not checked is not the same as checked and f,none - resolves when the primary does,none,none,OPEN - Step 1 document-type contract
F-081,tests/test_gst_safety_sweep.py::test_a_bill_with_no_tax_on_it_still_reaches_valid_and_posts[c_stub_small],unknown,UNKNOWN,VALID,n/a (never reached),page asserts on a post that never happened,BLOCKED_UPSTREAM,CASCADE_OF_THE_BLOCK,AssertionError: c_stub_small did not reach VALID: There is something on this bill I could not check at all. Not checked is not the same as checked and,none - resolves when the primary does,none,none,OPEN - Step 1 document-type contract
F-082,tests/test_gst_safety_sweep.py::test_a_bill_with_no_tax_on_it_still_reaches_valid_and_posts[c_stub_top],unknown,UNKNOWN,VALID,n/a (never reached),page asserts on a post that never happened,BLOCKED_UPSTREAM,CASCADE_OF_THE_BLOCK,AssertionError: c_stub_top did not reach VALID: There is something on this bill I could not check at all. Not checked is not the same as checked and f,none - resolves when the primary does,none,none,OPEN - Step 1 document-type contract
F-083,tests/test_gst_safety_sweep.py::test_a_bill_with_no_tax_on_it_still_reaches_valid_and_posts[c_timber],unknown,UNKNOWN,VALID,n/a (never reached),page asserts on a post that never happened,BLOCKED_UPSTREAM,CASCADE_OF_THE_BLOCK,AssertionError: c_timber did not reach VALID: There is something on this bill I could not check at all. Not checked is not the same as checked and fin,none - resolves when the primary does,none,none,OPEN - Step 1 document-type contract
F-084,tests/test_gst_safety_sweep.py::test_every_case_with_no_tax_question_reaches_the_expected_valid_result,unknown,UNKNOWN,VALID,n/a (never reached),page asserts on a post that never happened,BLOCKED_UPSTREAM,CASCADE_OF_THE_BLOCK,"AssertionError: [('c_cement', 'not_valid', False), ('c_sand', 'not_valid', False), ('c_steel', 'not_valid', False), ('c_bricks', 'not_valid', False), ",none - resolves when the primary does,none,none,OPEN - Step 1 document-type contract
F-085,tests/test_gst_safety_sweep.py::test_the_connector_never_refuses_what_the_application_called_valid,unknown,UNKNOWN,VALID,n/a (never reached),counts a voucher/row that a block prevented,BLOCKED_UPSTREAM,CASCADE_OF_THE_BLOCK,assert 0 == 10,none - resolves when the primary does,none,none,OPEN - Step 1 document-type contract
F-086,tests/test_idempotency.py::test_a_bulk_reversal_over_an_ambiguous_marker_reverses_nothing,reversal fixture,NON_INVOICE_EXPENSE_NOTE,VALID,n/a (never reached),"nothing posts, so no write happens",BLOCKED_UPSTREAM,CASCADE_OF_THE_BLOCK,AssertionError: the fixture must reach the write path,none - resolves when the primary does,none,none,OPEN - Step 1 document-type contract
F-087,tests/test_idempotency.py::test_a_double_click_needs_no_race_to_produce_the_second_voucher,unknown,UNKNOWN,VALID,n/a (never reached),operation id only exists after a post,BLOCKED_UPSTREAM,CASCADE_OF_THE_BLOCK,AssertionError: no operation id on the page:,none - resolves when the primary does,none,none,OPEN - Step 1 document-type contract
F-088,tests/test_idempotency.py::test_a_duplicate_refusal_is_never_recorded_as_an_unknown_outcome,unknown,UNKNOWN,VALID,n/a (never reached),"nothing posts, so no write happens",BLOCKED_UPSTREAM,CASCADE_OF_THE_BLOCK,AssertionError: the fixture must reach the write path,none - resolves when the primary does,none,none,OPEN - Step 1 document-type contract
F-089,tests/test_idempotency.py::test_a_marker_on_two_vouchers_refuses_every_path_and_deletes_neither,unknown,UNKNOWN,VALID,n/a (never reached),"nothing posts, so no write happens",BLOCKED_UPSTREAM,CASCADE_OF_THE_BLOCK,AssertionError: the fixture must reach the write path,none - resolves when the primary does,none,none,OPEN - Step 1 document-type contract
F-090,tests/test_idempotency.py::test_a_read_back_that_raises_leaves_one_voucher_and_a_retry_that_refuses,unknown,UNKNOWN,VALID,n/a (never reached),"nothing posts, so no write happens",BLOCKED_UPSTREAM,CASCADE_OF_THE_BLOCK,AssertionError: the fixture must reach the write path,none - resolves when the primary does,none,none,OPEN - Step 1 document-type contract
F-091,tests/test_idempotency.py::test_a_refused_replay_leaves_durable_rows_and_no_second_posted_row,unknown,UNKNOWN,VALID,n/a (never reached),"nothing posts, so no write happens",BLOCKED_UPSTREAM,CASCADE_OF_THE_BLOCK,AssertionError: the fixture must reach the write path,none - resolves when the primary does,none,none,OPEN - Step 1 document-type contract
F-092,tests/test_idempotency.py::test_a_refused_replay_writes_no_write_attempted_row,unknown,UNKNOWN,VALID,n/a (never reached),"nothing posts, so no write happens",BLOCKED_UPSTREAM,CASCADE_OF_THE_BLOCK,AssertionError: the fixture must reach the write path,none - resolves when the primary does,none,none,OPEN - Step 1 document-type contract
F-093,tests/test_idempotency.py::test_a_replay_that_carries_no_log_still_cannot_write_twice,unknown,UNKNOWN,VALID,n/a (never reached),"nothing posts, so no write happens",BLOCKED_UPSTREAM,CASCADE_OF_THE_BLOCK,AssertionError: the fixture must reach the write path,none - resolves when the primary does,none,none,OPEN - Step 1 document-type contract
F-094,tests/test_idempotency.py::test_a_reversal_marks_the_identity_spent_rather_than_freeing_it,reversal fixture,NON_INVOICE_EXPENSE_NOTE,VALID,n/a (never reached),"nothing posts, so no write happens",BLOCKED_UPSTREAM,CASCADE_OF_THE_BLOCK,AssertionError: the fixture must reach the write path,none - resolves when the primary does,none,none,OPEN - Step 1 document-type contract
F-095,tests/test_idempotency.py::test_a_reversed_then_replayed_entry_is_refused_in_the_browser,reversal fixture,NON_INVOICE_EXPENSE_NOTE,VALID,n/a (never reached),operation id only exists after a post,BLOCKED_UPSTREAM,CASCADE_OF_THE_BLOCK,AssertionError: no operation id on the page:,none - resolves when the primary does,none,none,OPEN - Step 1 document-type contract
F-096,tests/test_idempotency.py::test_a_voucher_we_did_not_write_is_never_swept_up_by_a_replay,unknown,UNKNOWN,VALID,n/a (never reached),"nothing posts, so no write happens",BLOCKED_UPSTREAM,CASCADE_OF_THE_BLOCK,AssertionError: the fixture must reach the write path,none - resolves when the primary does,none,none,OPEN - Step 1 document-type contract
F-097,tests/test_idempotency.py::test_a_write_whose_read_back_vanished_is_not_retried_into_a_second_voucher,unknown,UNKNOWN,VALID,n/a (never reached),"nothing posts, so no write happens",BLOCKED_UPSTREAM,CASCADE_OF_THE_BLOCK,AssertionError: the fixture must reach the write path,none - resolves when the primary does,none,none,OPEN - Step 1 document-type contract
F-098,tests/test_idempotency.py::test_an_operation_id_that_was_reversed_is_never_written_again,reversal fixture,NON_INVOICE_EXPENSE_NOTE,VALID,n/a (never reached),"nothing posts, so no write happens",BLOCKED_UPSTREAM,CASCADE_OF_THE_BLOCK,AssertionError: the fixture must reach the write path,none - resolves when the primary does,none,none,OPEN - Step 1 document-type contract
F-099,tests/test_idempotency.py::test_an_unknown_outcome_is_written_down_before_any_retry_is_attempted,unknown,UNKNOWN,VALID,n/a (never reached),"nothing posts, so no write happens",BLOCKED_UPSTREAM,CASCADE_OF_THE_BLOCK,AssertionError: the fixture must reach the write path,none - resolves when the primary does,none,none,OPEN - Step 1 document-type contract
F-100,tests/test_idempotency.py::test_evaluating_a_draft_repeatedly_never_mints_a_second_identity,unknown,UNKNOWN,VALID,n/a (never reached),"nothing posts, so no write happens",BLOCKED_UPSTREAM,CASCADE_OF_THE_BLOCK,AssertionError: the fixture must reach the write path,none - resolves when the primary does,none,none,OPEN - Step 1 document-type contract
F-101,tests/test_idempotency.py::test_nothing_asks_or_flags_when_the_same_entry_arrives_a_second_time,unknown,UNKNOWN,VALID,n/a (never reached),page asserts on a post that never happened,BLOCKED_UPSTREAM,CASCADE_OF_THE_BLOCK,"assert 'class=""badge b-valid"">posted<' in '<!doctype html><meta charset=utf-8>\n<meta name=viewport content=""width=device-width,initial-scale=1"">\n<ti",none - resolves when the primary does,none,none,OPEN - Step 1 document-type contract
F-102,tests/test_idempotency.py::test_posting_the_same_draft_twice_writes_one_voucher_and_moves_nothing,unknown,UNKNOWN,VALID,n/a (never reached),"nothing posts, so no write happens",BLOCKED_UPSTREAM,CASCADE_OF_THE_BLOCK,AssertionError: the fixture must reach the write path,none - resolves when the primary does,none,none,OPEN - Step 1 document-type contract
F-103,tests/test_idempotency.py::test_replaying_the_answer_that_posted_an_entry_writes_no_second_voucher,unknown,UNKNOWN,VALID,n/a (never reached),counts a voucher/row that a block prevented,BLOCKED_UPSTREAM,CASCADE_OF_THE_BLOCK,assert 0 == 1,none - resolves when the primary does,none,none,OPEN - Step 1 document-type contract
F-104,tests/test_idempotency.py::test_reversing_the_same_operation_twice_moves_the_books_once,reversal fixture,NON_INVOICE_EXPENSE_NOTE,VALID,n/a (never reached),operation id only exists after a post,BLOCKED_UPSTREAM,CASCADE_OF_THE_BLOCK,AssertionError: no operation id on the page:,none - resolves when the primary does,none,none,OPEN - Step 1 document-type contract
F-105,tests/test_idempotency.py::test_the_duplicate_row_says_the_older_voucher_is_the_real_one,unknown,UNKNOWN,VALID,n/a (never reached),"nothing posts, so no write happens",BLOCKED_UPSTREAM,CASCADE_OF_THE_BLOCK,AssertionError: the fixture must reach the write path,none - resolves when the primary does,none,none,OPEN - Step 1 document-type contract
F-106,tests/test_idempotency.py::test_the_refused_replay_is_recorded_and_reports_no_second_posting,unknown,UNKNOWN,VALID,n/a (never reached),asserts on books/pages a post would have produced,BLOCKED_UPSTREAM,CASCADE_OF_THE_BLOCK,"AssertionError: one posting, however many clicks",none - resolves when the primary does,none,none,OPEN - Step 1 document-type contract
F-107,tests/test_idempotency.py::test_the_same_typed_entry_submitted_twice_creates_two_drafts_and_two_vouchers,unknown,UNKNOWN,VALID,n/a (never reached),operation id only exists after a post,BLOCKED_UPSTREAM,CASCADE_OF_THE_BLOCK,AssertionError: no operation id on the page:,none - resolves when the primary does,none,none,OPEN - Step 1 document-type contract
F-108,tests/test_idempotency.py::test_the_two_vouchers_from_one_double_click_carry_different_markers,unknown,UNKNOWN,VALID,n/a (never reached),counts a voucher/row that a block prevented,BLOCKED_UPSTREAM,CASCADE_OF_THE_BLOCK,assert 0 == 2,none - resolves when the primary does,none,none,OPEN - Step 1 document-type contract
F-109,tests/test_idempotency.py::test_two_drafts_of_the_same_text_never_share_an_identity,unknown,UNKNOWN,VALID,n/a (never reached),"nothing posts, so no write happens",BLOCKED_UPSTREAM,CASCADE_OF_THE_BLOCK,AssertionError: the fixture must reach the write path,none - resolves when the primary does,none,none,OPEN - Step 1 document-type contract
F-110,tests/test_idempotency.py::test_two_previews_in_a_row_reverse_nothing_between_them,reversal fixture,NON_INVOICE_EXPENSE_NOTE,VALID,n/a (never reached),counts a voucher/row that a block prevented,BLOCKED_UPSTREAM,CASCADE_OF_THE_BLOCK,AssertionError: assert 0 == 1,none - resolves when the primary does,none,none,OPEN - Step 1 document-type contract
F-111,tests/test_ledger_placement.py::test_a_refused_placement_is_recorded_by_the_existing_write_ahead_row,unknown,UNKNOWN,VALID,n/a (never reached),page asserts on a post that never happened,BLOCKED_UPSTREAM,CASCADE_OF_THE_BLOCK,"AssertionError: There is something on this bill I could not check at all. Not checked is not the same as checked and fine, so nothing was posted. I co",none - resolves when the primary does,none,none,OPEN - Step 1 document-type contract
F-112,tests/test_lifecycle.py::test_a_reversal_reports_the_exact_paise_that_moved_back,reversal fixture,NON_INVOICE_EXPENSE_NOTE,VALID,NOT_VALID,period_open=None (was: +conservation INDETERMINATE +confidence<0.70),PERIOD_NEVER_CHECKED,STALE_TEST_EXPECTATION,"measured: 3 blocking reasons -> 1, and the survivor is true",none - document-type contract landed; 2 of 3 reasons removed,"fixture must supply a PeriodReader, or assert REVIEW_REQUIRED","NONE - narrows what the invoice cage CLAIMS to check; no threshold moved, no INDETERMINATE turned into PASS",OPEN - fixture predates the period check
F-113,tests/test_lifecycle.py::test_a_reversal_that_moves_the_wrong_amount_is_refused_and_names_both,reversal fixture,NON_INVOICE_EXPENSE_NOTE,VALID,NOT_VALID,period_open=None (was: +conservation INDETERMINATE +confidence<0.70),PERIOD_NEVER_CHECKED,STALE_TEST_EXPECTATION,"measured: 3 blocking reasons -> 1, and the survivor is true",none - document-type contract landed; 2 of 3 reasons removed,"fixture must supply a PeriodReader, or assert REVIEW_REQUIRED","NONE - narrows what the invoice cage CLAIMS to check; no threshold moved, no INDETERMINATE turned into PASS",OPEN - fixture predates the period check
F-114,tests/test_lifecycle.py::test_a_reversal_that_says_yes_and_moves_nothing_is_refused,reversal fixture,NON_INVOICE_EXPENSE_NOTE,VALID,NOT_VALID,period_open=None (was: +conservation INDETERMINATE +confidence<0.70),PERIOD_NEVER_CHECKED,STALE_TEST_EXPECTATION,"measured: 3 blocking reasons -> 1, and the survivor is true",none - document-type contract landed; 2 of 3 reasons removed,"fixture must supply a PeriodReader, or assert REVIEW_REQUIRED","NONE - narrows what the invoice cage CLAIMS to check; no threshold moved, no INDETERMINATE turned into PASS",OPEN - fixture predates the period check
F-115,tests/test_lifecycle.py::test_the_draft_level_reverse_goes_through_the_same_doorway,reversal fixture,NON_INVOICE_EXPENSE_NOTE,VALID,NOT_VALID,period_open=None (was: +conservation INDETERMINATE +confidence<0.70),PERIOD_NEVER_CHECKED,STALE_TEST_EXPECTATION,"measured: 3 blocking reasons -> 1, and the survivor is true",none - document-type contract landed; 2 of 3 reasons removed,"fixture must supply a PeriodReader, or assert REVIEW_REQUIRED","NONE - narrows what the invoice cage CLAIMS to check; no threshold moved, no INDETERMINATE turned into PASS",OPEN - fixture predates the period check
F-116,tests/test_no_reader.py::test_no_module_outside_the_allow_list_names_the_work_of_reading,unknown,UNKNOWN,VALID,n/a (never reached),architecture allow-list on nearby.py,PRE_EXISTING,UNRELATED_PRE_EXISTING,"AssertionError: these identifiers name OCR, image-processing or layout-analysis work in a module D-30 did not approve as a reader, so it belongs behin","separate change, unrelated to Problem 1",none,none,OUT OF SCOPE - pre-existing
F-117,tests/test_observability.py::test_a_durable_audit_row_can_be_joined_to_the_log_lines_that_made_it,unknown,UNKNOWN,VALID,n/a (never reached),page asserts on a post that never happened,BLOCKED_UPSTREAM,CASCADE_OF_THE_BLOCK,"AssertionError: no posted row, so there is nothing to join to",none - resolves when the primary does,none,none,OPEN - Step 1 document-type contract
F-118,tests/test_observability.py::test_a_measured_zero_is_still_written_as_zero,unknown,UNKNOWN,VALID,n/a (never reached),asserts on books/pages a post would have produced,BLOCKED_UPSTREAM,CASCADE_OF_THE_BLOCK,AssertionError: assert '1' == '0',none - resolves when the primary does,none,none,OPEN - Step 1 document-type contract
F-119,tests/test_observability.py::test_a_refused_replay_is_counted_now_that_it_has_a_row_of_its_own,unknown,UNKNOWN,VALID,n/a (never reached),error path needs a post first,BLOCKED_UPSTREAM,CASCADE_OF_THE_BLOCK,Failed: DID NOT RAISE HTTPError,none - resolves when the primary does,none,none,OPEN - Step 1 document-type contract
F-120,tests/test_observability.py::test_a_reversal_is_counted_from_the_row_the_undo_button_writes,reversal fixture,NON_INVOICE_EXPENSE_NOTE,VALID,n/a (never reached),operation id only exists after a post,BLOCKED_UPSTREAM,CASCADE_OF_THE_BLOCK,AssertionError: no operation id in page:,none - resolves when the primary does,none,none,OPEN - Step 1 document-type contract
F-121,tests/test_operation_identity.py::test_a_decision_carrying_no_operation_id_cannot_authorise_a_write,unknown,UNKNOWN,VALID,NOT_VALID,period_open=None (was: +conservation INDETERMINATE +confidence<0.70),PERIOD_NEVER_CHECKED,STALE_TEST_EXPECTATION,"measured: 3 blocking reasons -> 1, and the survivor is true",none - document-type contract landed; 2 of 3 reasons removed,"fixture must supply a PeriodReader, or assert REVIEW_REQUIRED","NONE - narrows what the invoice cage CLAIMS to check; no threshold moved, no INDETERMINATE turned into PASS",OPEN - fixture predates the period check
F-122,tests/test_operation_identity.py::test_a_decision_that_authorised_a_different_operation_is_refused,unknown,UNKNOWN,VALID,n/a (never reached),asserts on books/pages a post would have produced,BLOCKED_UPSTREAM,CASCADE_OF_THE_BLOCK,AssertionError: Regex pattern did not match.,none - resolves when the primary does,none,none,OPEN - Step 1 document-type contract
F-123,tests/test_operation_identity.py::test_one_operation_id_reaches_the_draft_decision_narration_log_and_reversal,reversal fixture,NON_INVOICE_EXPENSE_NOTE,VALID,NOT_VALID,period_open=None (was: +conservation INDETERMINATE +confidence<0.70),PERIOD_NEVER_CHECKED,STALE_TEST_EXPECTATION,"measured: 3 blocking reasons -> 1, and the survivor is true",none - document-type contract landed; 2 of 3 reasons removed,"fixture must supply a PeriodReader, or assert REVIEW_REQUIRED","NONE - narrows what the invoice cage CLAIMS to check; no threshold moved, no INDETERMINATE turned into PASS",OPEN - fixture predates the period check
F-124,tests/test_operation_identity.py::test_the_refusal_names_both_ids_so_a_person_can_reconcile,unknown,UNKNOWN,VALID,n/a (never reached),page asserts on a post that never happened,BLOCKED_UPSTREAM,CASCADE_OF_THE_BLOCK,AssertionError: assert 'ad_dbf5f44bb6934f808542e9298d90e417' in 'refusing to post: outcome is not_valid',none - resolves when the primary does,none,none,OPEN - Step 1 document-type contract
F-125,tests/test_phase4_exits.py::test_re_evaluating_an_answered_draft_runs_the_whole_order_again,unknown,UNKNOWN,VALID,NOT_VALID,period_open=None (was: +conservation INDETERMINATE +confidence<0.70),PERIOD_NEVER_CHECKED,STALE_TEST_EXPECTATION,"measured: 3 blocking reasons -> 1, and the survivor is true",none - document-type contract landed; 2 of 3 reasons removed,"fixture must supply a PeriodReader, or assert REVIEW_REQUIRED","NONE - narrows what the invoice cage CLAIMS to check; no threshold moved, no INDETERMINATE turned into PASS",OPEN - fixture predates the period check
F-126,tests/test_phase6_exits.py::test_a_book_with_no_anomaly_produces_no_flag_and_no_dismissal_row,unknown,UNKNOWN,VALID,n/a (never reached),asserts on books/pages a post would have produced,BLOCKED_UPSTREAM,CASCADE_OF_THE_BLOCK,AssertionError: a clean matched vendor still posts,none - resolves when the primary does,none,none,OPEN - Step 1 document-type contract
F-127,tests/test_pipeline.py::test_a_write_that_cannot_be_read_back_raises_and_never_records_a_tally_id,typed expense sentence,NON_INVOICE_EXPENSE_NOTE,VALID,NOT_VALID,period_open=None (was: +conservation INDETERMINATE +confidence<0.70),PERIOD_NEVER_CHECKED,STALE_TEST_EXPECTATION,"measured: 3 blocking reasons -> 1, and the survivor is true",none - document-type contract landed; 2 of 3 reasons removed,"fixture must supply a PeriodReader, or assert REVIEW_REQUIRED","NONE - narrows what the invoice cage CLAIMS to check; no threshold moved, no INDETERMINATE turned into PASS",OPEN - fixture predates the period check
F-128,tests/test_pipeline.py::test_answering_then_re_evaluating_posts,typed expense sentence,NON_INVOICE_EXPENSE_NOTE,VALID,NOT_VALID,period_open=None (was: +conservation INDETERMINATE +confidence<0.70),PERIOD_NEVER_CHECKED,STALE_TEST_EXPECTATION,"measured: 3 blocking reasons -> 1, and the survivor is true",none - document-type contract landed; 2 of 3 reasons removed,"fixture must supply a PeriodReader, or assert REVIEW_REQUIRED","NONE - narrows what the invoice cage CLAIMS to check; no threshold moved, no INDETERMINATE turned into PASS",OPEN - fixture predates the period check
F-129,tests/test_pipeline.py::test_known_vendor_posts_without_asking,typed expense sentence,NON_INVOICE_EXPENSE_NOTE,VALID,NOT_VALID,period_open=None (was: +conservation INDETERMINATE +confidence<0.70),PERIOD_NEVER_CHECKED,STALE_TEST_EXPECTATION,"measured: 3 blocking reasons -> 1, and the survivor is true",none - document-type contract landed; 2 of 3 reasons removed,"fixture must supply a PeriodReader, or assert REVIEW_REQUIRED","NONE - narrows what the invoice cage CLAIMS to check; no threshold moved, no INDETERMINATE turned into PASS",OPEN - fixture predates the period check
F-130,tests/test_pipeline.py::test_posted_voucher_is_readable_back_from_tally,typed expense sentence,NON_INVOICE_EXPENSE_NOTE,VALID,n/a (never reached),counts a voucher/row that a block prevented,BLOCKED_UPSTREAM,CASCADE_OF_THE_BLOCK,AssertionError: assert None is not None,none - resolves when the primary does,none,none,OPEN - Step 1 document-type contract
F-131,tests/test_pipeline.py::test_reverse_restores_the_exact_trial_balance,typed expense sentence,NON_INVOICE_EXPENSE_NOTE,VALID,n/a (never reached),asserts on books/pages a post would have produced,BLOCKED_UPSTREAM,CASCADE_OF_THE_BLOCK,"AssertionError: assert {'Purchases': 500000, 'Cash': -500000} != {'Purchases': 500000, 'Cash': -500000}",none - resolves when the primary does,none,none,OPEN - Step 1 document-type contract
F-132,tests/test_pipeline.py::test_spelling_variants_of_one_vendor_are_the_same_vendor,typed expense sentence,NON_INVOICE_EXPENSE_NOTE,VALID,n/a (never reached),asserts on books/pages a post would have produced,BLOCKED_UPSTREAM,CASCADE_OF_THE_BLOCK,AssertionError: M/s Sharma Traders,none - resolves when the primary does,none,none,OPEN - Step 1 document-type contract
F-133,tests/test_pipeline.py::test_stub_extractor_drives_the_same_pipeline,typed expense sentence,NON_INVOICE_EXPENSE_NOTE,VALID,NOT_VALID,period_open=None (was: +conservation INDETERMINATE +confidence<0.70),PERIOD_NEVER_CHECKED,STALE_TEST_EXPECTATION,"measured: 3 blocking reasons -> 1, and the survivor is true",none - document-type contract landed; 2 of 3 reasons removed,"fixture must supply a PeriodReader, or assert REVIEW_REQUIRED","NONE - narrows what the invoice cage CLAIMS to check; no threshold moved, no INDETERMINATE turned into PASS",OPEN - fixture predates the period check
F-134,tests/test_pipeline.py::test_swapping_the_backend_changes_no_pipeline_code,typed expense sentence,NON_INVOICE_EXPENSE_NOTE,VALID,NOT_VALID,period_open=None (was: +conservation INDETERMINATE +confidence<0.70),PERIOD_NEVER_CHECKED,STALE_TEST_EXPECTATION,"measured: 3 blocking reasons -> 1, and the survivor is true",none - document-type contract landed; 2 of 3 reasons removed,"fixture must supply a PeriodReader, or assert REVIEW_REQUIRED","NONE - narrows what the invoice cage CLAIMS to check; no threshold moved, no INDETERMINATE turned into PASS",OPEN - fixture predates the period check
F-135,tests/test_pipeline_isolation.py::test_a_correction_recorded_on_one_company_leaves_the_other_unchanged,typed expense sentence,NON_INVOICE_EXPENSE_NOTE,VALID,NOT_VALID,period_open=None (was: +conservation INDETERMINATE +confidence<0.70),PERIOD_NEVER_CHECKED,STALE_TEST_EXPECTATION,"measured: 3 blocking reasons -> 1, and the survivor is true",none - document-type contract landed; 2 of 3 reasons removed,"fixture must supply a PeriodReader, or assert REVIEW_REQUIRED","NONE - narrows what the invoice cage CLAIMS to check; no threshold moved, no INDETERMINATE turned into PASS",OPEN - fixture predates the period check
F-136,tests/test_pipeline_isolation.py::test_one_vendor_name_two_companies_two_accounts_and_neither_is_conflicted,typed expense sentence,NON_INVOICE_EXPENSE_NOTE,VALID,NOT_VALID,period_open=None (was: +conservation INDETERMINATE +confidence<0.70),PERIOD_NEVER_CHECKED,STALE_TEST_EXPECTATION,"measured: 3 blocking reasons -> 1, and the survivor is true",none - document-type contract landed; 2 of 3 reasons removed,"fixture must supply a PeriodReader, or assert REVIEW_REQUIRED","NONE - narrows what the invoice cage CLAIMS to check; no threshold moved, no INDETERMINATE turned into PASS",OPEN - fixture predates the period check
F-137,tests/test_pipeline_isolation.py::test_opening_the_next_company_stops_the_previous_ones_mapping_answering,typed expense sentence,NON_INVOICE_EXPENSE_NOTE,VALID,NOT_VALID,period_open=None (was: +conservation INDETERMINATE +confidence<0.70),PERIOD_NEVER_CHECKED,STALE_TEST_EXPECTATION,"measured: 3 blocking reasons -> 1, and the survivor is true",none - document-type contract landed; 2 of 3 reasons removed,"fixture must supply a PeriodReader, or assert REVIEW_REQUIRED","NONE - narrows what the invoice cage CLAIMS to check; no threshold moved, no INDETERMINATE turned into PASS",OPEN - fixture predates the period check
F-138,tests/test_reversal_guard.py::test_a_bulk_reversal_row_names_the_person_who_confirmed_it,reversal fixture,NON_INVOICE_EXPENSE_NOTE,VALID,n/a (never reached),needs a posted entry that never exists,BLOCKED_UPSTREAM,CASCADE_OF_THE_BLOCK,"AssertionError: the entry did not post, so there is nothing to reverse",none - resolves when the primary does,none,none,OPEN - Step 1 document-type contract
F-139,tests/test_reversal_guard.py::test_a_colleague_cannot_confirm_a_batch_they_were_never_shown,reversal fixture,NON_INVOICE_EXPENSE_NOTE,VALID,n/a (never reached),needs a posted entry that never exists,BLOCKED_UPSTREAM,CASCADE_OF_THE_BLOCK,"AssertionError: the entry did not post, so there is nothing to reverse",none - resolves when the primary does,none,none,OPEN - Step 1 document-type contract
F-140,tests/test_reversal_guard.py::test_a_confirmation_with_no_preview_at_all_still_reverses_nothing,reversal fixture,NON_INVOICE_EXPENSE_NOTE,VALID,n/a (never reached),needs a posted entry that never exists,BLOCKED_UPSTREAM,CASCADE_OF_THE_BLOCK,"AssertionError: the entry did not post, so there is nothing to reverse",none - resolves when the primary does,none,none,OPEN - Step 1 document-type contract
F-141,tests/test_reversal_guard.py::test_reversing_an_operation_id_we_never_wrote_changes_nothing,reversal fixture,NON_INVOICE_EXPENSE_NOTE,VALID,n/a (never reached),needs a posted entry that never exists,BLOCKED_UPSTREAM,CASCADE_OF_THE_BLOCK,"AssertionError: the entry did not post, so there is nothing to reverse",none - resolves when the primary does,none,none,OPEN - Step 1 document-type contract
F-142,tests/test_reversal_guard.py::test_reversing_our_own_voucher_returns_the_books_to_the_paise,reversal fixture,NON_INVOICE_EXPENSE_NOTE,VALID,n/a (never reached),needs a posted entry that never exists,BLOCKED_UPSTREAM,CASCADE_OF_THE_BLOCK,"AssertionError: the entry did not post, so there is nothing to reverse",none - resolves when the primary does,none,none,OPEN - Step 1 document-type contract
F-143,tests/test_reversal_guard.py::test_the_person_who_previewed_can_still_confirm,reversal fixture,NON_INVOICE_EXPENSE_NOTE,VALID,n/a (never reached),needs a posted entry that never exists,BLOCKED_UPSTREAM,CASCADE_OF_THE_BLOCK,"AssertionError: the entry did not post, so there is nothing to reverse",none - resolves when the primary does,none,none,OPEN - Step 1 document-type contract
F-144,tests/test_reversal_guard.py::test_the_preview_itself_reverses_nothing,reversal fixture,NON_INVOICE_EXPENSE_NOTE,VALID,n/a (never reached),needs a posted entry that never exists,BLOCKED_UPSTREAM,CASCADE_OF_THE_BLOCK,"AssertionError: the entry did not post, so there is nothing to reverse",none - resolves when the primary does,none,none,OPEN - Step 1 document-type contract
F-145,tests/test_reversal_recovery.py::test_the_activity_log_shows_the_refused_bulk_run_rather_than_swallowing_it,reversal fixture,NON_INVOICE_EXPENSE_NOTE,VALID,n/a (never reached),page asserts on a post that never happened,BLOCKED_UPSTREAM,CASCADE_OF_THE_BLOCK,"assert 'completed' not in '""><b>comple...of ours in &'",none - resolves when the primary does,none,none,OPEN - Step 1 document-type contract
F-146,tests/test_reversal_recovery.py::test_the_web_single_undo_refuses_when_the_backup_record_is_gone,web fixture,NON_INVOICE_EXPENSE_NOTE,VALID,n/a (never reached),asserts on books/pages a post would have produced,BLOCKED_UPSTREAM,CASCADE_OF_THE_BLOCK,AssertionError: <!doctype html><meta charset=utf-8>,none - resolves when the primary does,none,none,OPEN - Step 1 document-type contract
F-147,tests/test_reversal_recovery.py::test_the_web_undo_everything_confirmation_removes_nothing_without_a_backup,web fixture,NON_INVOICE_EXPENSE_NOTE,VALID,n/a (never reached),page asserts on a post that never happened,BLOCKED_UPSTREAM,CASCADE_OF_THE_BLOCK,assert 'completed' not in '<!doctype h...back</a></p>',none - resolves when the primary does,none,none,OPEN - Step 1 document-type contract
F-148,tests/test_reversal_recovery.py::test_the_web_undo_everything_preview_refuses_when_the_backup_record_is_gone,web fixture,NON_INVOICE_EXPENSE_NOTE,VALID,n/a (never reached),counts a voucher/row that a block prevented,BLOCKED_UPSTREAM,CASCADE_OF_THE_BLOCK,AssertionError: assert 0 == 1,none - resolves when the primary does,none,none,OPEN - Step 1 document-type contract
F-149,tests/test_stale_memory_conflict.py::test_a_vendor_with_one_consistent_account_never_disagrees_with_itself,unknown,UNKNOWN,VALID,NOT_VALID,period_open=None (was: +conservation INDETERMINATE +confidence<0.70),PERIOD_NEVER_CHECKED,STALE_TEST_EXPECTATION,"measured: 3 blocking reasons -> 1, and the survivor is true",none - document-type contract landed; 2 of 3 reasons removed,"fixture must supply a PeriodReader, or assert REVIEW_REQUIRED","NONE - narrows what the invoice cage CLAIMS to check; no threshold moved, no INDETERMINATE turned into PASS",OPEN - fixture predates the period check
F-150,tests/test_stale_memory_conflict.py::test_memory_that_was_right_at_bootstrap_goes_stale_when_tally_is_typed_into,unknown,UNKNOWN,VALID,NOT_VALID,period_open=None (was: +conservation INDETERMINATE +confidence<0.70),PERIOD_NEVER_CHECKED,STALE_TEST_EXPECTATION,"measured: 3 blocking reasons -> 1, and the survivor is true",none - document-type contract landed; 2 of 3 reasons removed,"fixture must supply a PeriodReader, or assert REVIEW_REQUIRED","NONE - narrows what the invoice cage CLAIMS to check; no threshold moved, no INDETERMINATE turned into PASS",OPEN - fixture predates the period check
F-151,tests/test_stale_memory_conflict.py::test_one_vendor_disagrees_and_the_company_s_other_vendor_is_untouched,unknown,UNKNOWN,VALID,NOT_VALID,period_open=None (was: +conservation INDETERMINATE +confidence<0.70),PERIOD_NEVER_CHECKED,STALE_TEST_EXPECTATION,"measured: 3 blocking reasons -> 1, and the survivor is true",none - document-type contract landed; 2 of 3 reasons removed,"fixture must supply a PeriodReader, or assert REVIEW_REQUIRED","NONE - narrows what the invoice cage CLAIMS to check; no threshold moved, no INDETERMINATE turned into PASS",OPEN - fixture predates the period check
F-152,tests/test_stale_memory_conflict.py::test_the_person_s_answer_resolves_the_conflict_and_the_entry_is_decided_again,unknown,UNKNOWN,VALID,NOT_VALID,period_open=None (was: +conservation INDETERMINATE +confidence<0.70),PERIOD_NEVER_CHECKED,STALE_TEST_EXPECTATION,"measured: 3 blocking reasons -> 1, and the survivor is true",none - document-type contract landed; 2 of 3 reasons removed,"fixture must supply a PeriodReader, or assert REVIEW_REQUIRED","NONE - narrows what the invoice cage CLAIMS to check; no threshold moved, no INDETERMINATE turned into PASS",OPEN - fixture predates the period check
F-153,tests/test_startup_path.py::test_running_the_readme_command_reaches_the_apps_own_entry_point,unknown,UNKNOWN,VALID,n/a (never reached),asserts on books/pages a post would have produced,BLOCKED_UPSTREAM,CASCADE_OF_THE_BLOCK,AssertionError: /Users/tanveersidhu/ACCOUNTANT/.venv/bin/python -m accountant.web.app was still running after 15.0s and never printed the banner that ,none - resolves when the primary does,none,none,OPEN - Step 1 document-type contract
F-154,tests/test_user_journey.py::test_a_colleague_cannot_confirm_the_undo_everything_they_were_never_shown,typed expense sentence,NON_INVOICE_EXPENSE_NOTE,VALID,n/a (never reached),needs a posted entry that never exists,BLOCKED_UPSTREAM,CASCADE_OF_THE_BLOCK,"AssertionError: the entry did not post, so there is nothing to reverse",none - resolves when the primary does,none,none,OPEN - Step 1 document-type contract
F-155,tests/test_user_journey.py::test_a_colleague_in_the_same_tenant_sees_the_company_that_was_posted_to,typed expense sentence,NON_INVOICE_EXPENSE_NOTE,VALID,n/a (never reached),needs a posted entry that never exists,BLOCKED_UPSTREAM,CASCADE_OF_THE_BLOCK,"AssertionError: the entry did not post, so there is nothing to reverse",none - resolves when the primary does,none,none,OPEN - Step 1 document-type contract
F-156,tests/test_user_journey.py::test_a_reversed_operation_id_cannot_be_written_a_second_time,typed expense sentence,NON_INVOICE_EXPENSE_NOTE,VALID,n/a (never reached),needs a posted entry that never exists,BLOCKED_UPSTREAM,CASCADE_OF_THE_BLOCK,"AssertionError: the entry did not post, so there is nothing to reverse",none - resolves when the primary does,none,none,OPEN - Step 1 document-type contract
F-157,tests/test_user_journey.py::test_an_unknown_vendor_asks_twice_and_then_posts_the_exact_paise,typed expense sentence,NON_INVOICE_EXPENSE_NOTE,VALID,n/a (never reached),needs a posted entry that never exists,BLOCKED_UPSTREAM,CASCADE_OF_THE_BLOCK,"AssertionError: the entry did not post, so there is nothing to reverse",none - resolves when the primary does,none,none,OPEN - Step 1 document-type contract
F-158,tests/test_user_journey.py::test_another_tenants_session_is_refused_before_it_can_touch_these_books,typed expense sentence,NON_INVOICE_EXPENSE_NOTE,VALID,n/a (never reached),needs a posted entry that never exists,BLOCKED_UPSTREAM,CASCADE_OF_THE_BLOCK,"AssertionError: the entry did not post, so there is nothing to reverse",none - resolves when the primary does,none,none,OPEN - Step 1 document-type contract
F-159,tests/test_user_journey.py::test_local_development_needs_no_credential_and_still_names_an_actor,typed expense sentence,NON_INVOICE_EXPENSE_NOTE,VALID,n/a (never reached),counts a voucher/row that a block prevented,BLOCKED_UPSTREAM,CASCADE_OF_THE_BLOCK,assert 0 == 1,none - resolves when the primary does,none,none,OPEN - Step 1 document-type contract
F-160,tests/test_user_journey.py::test_replaying_the_answer_that_posted_writes_no_second_voucher,typed expense sentence,NON_INVOICE_EXPENSE_NOTE,VALID,n/a (never reached),needs a posted entry that never exists,BLOCKED_UPSTREAM,CASCADE_OF_THE_BLOCK,"AssertionError: the entry did not post, so there is nothing to reverse",none - resolves when the primary does,none,none,OPEN - Step 1 document-type contract
F-161,tests/test_user_journey.py::test_the_audit_row_for_that_posting_names_the_tenant_and_the_user,typed expense sentence,NON_INVOICE_EXPENSE_NOTE,VALID,n/a (never reached),needs a posted entry that never exists,BLOCKED_UPSTREAM,CASCADE_OF_THE_BLOCK,"AssertionError: the entry did not post, so there is nothing to reverse",none - resolves when the primary does,none,none,OPEN - Step 1 document-type contract
F-162,tests/test_user_journey.py::test_the_audit_trail_survives_the_server_being_stopped_and_started_again,typed expense sentence,NON_INVOICE_EXPENSE_NOTE,VALID,n/a (never reached),needs a posted entry that never exists,BLOCKED_UPSTREAM,CASCADE_OF_THE_BLOCK,"AssertionError: the entry did not post, so there is nothing to reverse",none - resolves when the primary does,none,none,OPEN - Step 1 document-type contract
F-163,tests/test_user_journey.py::test_the_whole_journey_runs_in_order_against_one_server,typed expense sentence,NON_INVOICE_EXPENSE_NOTE,VALID,n/a (never reached),needs a posted entry that never exists,BLOCKED_UPSTREAM,CASCADE_OF_THE_BLOCK,"AssertionError: the entry did not post, so there is nothing to reverse",none - resolves when the primary does,none,none,OPEN - Step 1 document-type contract
F-164,tests/test_user_journey.py::test_undoing_the_posting_returns_the_trial_balance_to_the_paise,typed expense sentence,NON_INVOICE_EXPENSE_NOTE,VALID,n/a (never reached),needs a posted entry that never exists,BLOCKED_UPSTREAM,CASCADE_OF_THE_BLOCK,"AssertionError: the entry did not post, so there is nothing to reverse",none - resolves when the primary does,none,none,OPEN - Step 1 document-type contract
F-165,tests/test_web.py::test_a_known_vendor_posts_without_asking,web fixture,NON_INVOICE_EXPENSE_NOTE,VALID,n/a (never reached),counts a voucher/row that a block prevented,BLOCKED_UPSTREAM,CASCADE_OF_THE_BLOCK,AssertionError: assert 0 == 1,none - resolves when the primary does,none,none,OPEN - Step 1 document-type contract
F-166,tests/test_web.py::test_a_posted_entry_reaches_the_page_with_its_outcome,web fixture,NON_INVOICE_EXPENSE_NOTE,VALID,n/a (never reached),page asserts on a post that never happened,BLOCKED_UPSTREAM,CASCADE_OF_THE_BLOCK,"assert 'data-outcome=""valid""' in '<div class=ev data-outcome=""not_valid"" data-action=""blocked""><b>not_valid</b> <span class=muted>15 Aug 18:31</span><",none - resolves when the primary does,none,none,OPEN - Step 1 document-type contract
F-167,tests/test_web.py::test_an_answer_is_remembered_so_the_same_vendor_is_not_asked_twice,web fixture,NON_INVOICE_EXPENSE_NOTE,VALID,n/a (never reached),page asserts on a post that never happened,BLOCKED_UPSTREAM,CASCADE_OF_THE_BLOCK,"assert 'posted' in '<!doctype html><meta charset=utf-8>\n<meta name=viewport content=""width=device-width,initial-scale=1"">\n<title>accoun...></tr></ta",none - resolves when the primary does,none,none,OPEN - Step 1 document-type contract
F-168,tests/test_web.py::test_an_answer_is_stored_under_the_vendor_key_not_the_typed_spelling,web fixture,NON_INVOICE_EXPENSE_NOTE,VALID,n/a (never reached),page asserts on a post that never happened,BLOCKED_UPSTREAM,CASCADE_OF_THE_BLOCK,"assert 'posted' in '<!doctype html><meta charset=utf-8>\n<meta name=viewport content=""width=device-width,initial-scale=1"">\n<title>accoun...></tr></ta",none - resolves when the primary does,none,none,OPEN - Step 1 document-type contract
F-169,tests/test_web.py::test_answering_the_question_posts_the_entry,web fixture,NON_INVOICE_EXPENSE_NOTE,VALID,n/a (never reached),counts a voucher/row that a block prevented,BLOCKED_UPSTREAM,CASCADE_OF_THE_BLOCK,AssertionError: assert 0 == 1,none - resolves when the primary does,none,none,OPEN - Step 1 document-type contract
F-170,tests/test_web.py::test_reversing_removes_exactly_that_voucher,web fixture,NON_INVOICE_EXPENSE_NOTE,VALID,n/a (never reached),asserts on books/pages a post would have produced,BLOCKED_UPSTREAM,CASCADE_OF_THE_BLOCK,"AssertionError: assert {'Purchases': 17495000, 'Cash': -51239000, 'Repairs & Maintenance': 366000, 'Printing & Stationery': 606000, ...} != {'Purchase",none - resolves when the primary does,none,none,OPEN - Step 1 document-type contract
F-171,tests/test_web.py::test_the_amount_reaches_tally_as_integer_paise,web fixture,NON_INVOICE_EXPENSE_NOTE,VALID,n/a (never reached),asserts on books/pages a post would have produced,BLOCKED_UPSTREAM,CASCADE_OF_THE_BLOCK,IndexError: tuple index out of range,none - resolves when the primary does,none,none,OPEN - Step 1 document-type contract
F-172,tests/test_web.py::test_the_log_states_why_and_not_only_what,web fixture,NON_INVOICE_EXPENSE_NOTE,VALID,n/a (never reached),page asserts on a post that never happened,BLOCKED_UPSTREAM,CASCADE_OF_THE_BLOCK,"assert 'data-action=""posted""' in '<div class=ev data-outcome=""not_valid"" data-action=""blocked""><b>not_valid</b> <span class=muted>15 Aug 18:31</span><",none - resolves when the primary does,none,none,OPEN - Step 1 document-type contract
F-173,tests/test_web.py::test_what_we_wrote_is_listed_with_its_operation_id,web fixture,NON_INVOICE_EXPENSE_NOTE,VALID,n/a (never reached),operation id only exists after a post,BLOCKED_UPSTREAM,CASCADE_OF_THE_BLOCK,AssertionError: no operation id in page:,none - resolves when the primary does,none,none,OPEN - Step 1 document-type contract
